first_name,last_name,email,phone_number,address
Joanie,Kirsop,jkirsop0@vkontakte.ru,560-141-8153,4 Sloan Place
Patti,Kestian,pkestian1@narod.ru,441-211-3557,35074 Northridge Avenue
Abbe,Drewes,adrewes2@yahoo.com,227-212-6024,0 Twin Pines Place
Michaelina,Eldritt,meldritt3@so-net.ne.jp,628-519-9481,872 Ridgeway Terrace
Monah,Fowley,mfowley4@bizjournals.com,132-955-5585,13 Carberry Avenue
Davy,Cordero,dcordero5@nyu.edu,242-842-5524,933 Brown Place
Ban,Greenshields,bgreenshields6@rediff.com,850-827-5560,0 Claremont Point
Stephen,Mostyn,smostyn7@behance.net,204-872-1315,9346 Hoepker Court
Stanleigh,Hedman,shedman8@house.gov,248-767-1441,536 Rieder Place
Anders,Capps,acapps9@topsy.com,751-135-2124,8 Eliot Drive
Merrie,Fulloway,mfullowaya@joomla.org,922-207-6691,8395 Carey Drive
Bendick,Gresswell,bgresswellb@tamu.edu,837-822-6453,6011 Dottie Terrace
Adore,Grosvener,agrosvenerc@imageshack.us,961-324-0336,7050 Declaration Avenue
Joline,Westrope,jwestroped@wired.com,541-638-6310,9181 Fair Oaks Way
Dosi,Godridge,dgodridgee@netvibes.com,203-448-2346,634 Village Green Park
Aubry,Verriour,averriourf@miitbeian.gov.cn,921-492-6143,31891 Crest Line Alley
Brianna,Sighart,bsighartg@sciencedirect.com,954-475-3284,44 Sunfield Junction
Lodovico,Playfoot,lplayfooth@google.fr,636-314-5466,2 Duke Trail
Had,Skegg,hskeggi@google.co.jp,524-780-1743,03 Jay Hill
Antone,Gerner,agernerj@washington.edu,952-351-2014,91797 Becker Center
Sorcha,Haggish,shaggishk@yelp.com,206-121-2477,197 Cambridge Road
Lynelle,Mensler,lmenslerl@woothemes.com,608-657-8907,86396 Menomonie Parkway
Margie,Dalgardno,mdalgardnom@narod.ru,303-696-2334,12032 Towne Plaza
Reine,Garmon,rgarmonn@reuters.com,116-783-1983,38041 Clove Terrace
Irving,Fever,ifevero@cornell.edu,246-713-9942,05315 Talisman Road
Fifi,Pays,fpaysp@facebook.com,955-681-3583,6584 Johnson Trail
Breanne,Dobson,bdobsonq@barnesandnoble.com,767-564-8443,68274 Hintze Junction
Mavra,Backhurst,mbackhurstr@a8.net,170-360-2867,47 Columbus Pass
Shayla,Cavozzi,scavozzis@technorati.com,537-121-3874,9909 Dixon Trail
Loren,Shelmerdine,lshelmerdinet@engadget.com,369-559-0762,87 Schmedeman Junction
Hendrik,Bidewell,hbidewellu@usnews.com,172-136-1598,1 Helena Court
Sydel,Kitlee,skitleev@toplist.cz,595-151-2563,4749 Havey Drive
Hanni,Crome,hcromew@auda.org.au,204-758-3429,8237 Dawn Park
Chrissie,McCrow,cmccrowx@skype.com,763-188-2250,71242 Westridge Way
Clarinda,Giraudy,cgiraudyy@hostgator.com,107-254-6881,419 Esker Place
Yasmeen,Stolli,ystolliz@youku.com,859-418-5501,13 Raven Road
Oren,Disdel,odisdel10@abc.net.au,361-788-8214,8333 Melvin Avenue
Viola,Brownett,vbrownett11@wsj.com,484-600-9794,02 4th Lane
Jsandye,Shanley,jshanley12@privacy.gov.au,702-835-1676,1200 Acker Lane
Ibrahim,Sisneros,isisneros13@umich.edu,658-643-5771,0 Aberg Circle
Salvador,Yerby,syerby14@nature.com,732-982-2027,1 East Place
Regine,Tonn,rtonn15@sphinn.com,131-548-4550,1957 Oneill Drive
Terence,Dunseith,tdunseith16@furl.net,154-842-0602,1098 Duke Drive
Wood,Compston,wcompston17@usgs.gov,793-476-5359,0457 Monument Circle
Muriel,Rusbridge,mrusbridge18@biblegateway.com,636-274-5532,55 Di Loreto Point
Minne,Postin,mpostin19@cafepress.com,427-947-7825,48420 Eagle Crest Street
Thaddus,MacKniely,tmackniely1a@eepurl.com,537-334-1530,16774 Harbort Alley
Chilton,Darkins,cdarkins1b@drupal.org,164-534-5130,4405 Anthes Avenue
Reynolds,Epsly,repsly1c@engadget.com,651-240-2174,28 Ilene Junction
Sergent,Nickless,snickless1d@g.co,963-143-2489,2 New Castle Lane
